{
    "name": "df_Hospital_admissions",
    "properties": {
        "type": "MappingDataFlow",
        "typeProperties": {
            "sources": [
                {
                    "dataset": {
                        "referenceName": "ds_Hospital_Admissions",
                        "type": "DatasetReference"
                    },
                    "name": "HospitalAdmissionsSource"
                },
                {
                    "dataset": {
                        "referenceName": "DL_LookupFile",
                        "type": "DatasetReference"
                    },
                    "name": "LookupCountryDimension"
                },
                {
                    "dataset": {
                        "referenceName": "LookupDateFile",
                        "type": "DatasetReference"
                    },
                    "name": "LookupDateDimension"
                }
            ],
            "sinks": [
                {
                    "dataset": {
                        "referenceName": "ds_processsed_hospital_admissions_daily",
                        "type": "DatasetReference"
                    },
                    "name": "sinkHospitalAdmissionsDaily"
                },
                {
                    "dataset": {
                        "referenceName": "ds_processsed_hospital_admissions_weekly",
                        "type": "DatasetReference"
                    },
                    "name": "sinkHospitalAdmissionsWeekly"
                }
            ],
            "transformations": [
                {
                    "name": "selectNecessaryFields"
                },
                {
                    "name": "lookupCountryFileData"
                },
                {
                    "name": "selectRequiredFields"
                },
                {
                    "name": "SplitDailyandWeeklyData"
                },
                {
                    "name": "aggregateToAddStartEndDate"
                },
                {
                    "name": "joinWeeklyDimDateAggregate"
                },
                {
                    "name": "pivotOnIndicator"
                },
                {
                    "name": "pivotOnIndicatorWeekly"
                },
                {
                    "name": "sortOnWeekCountry"
                },
                {
                    "name": "sortOnDateCountry"
                },
                {
                    "name": "selectColumns"
                },
                {
                    "name": "selectWeeklyColumns"
                }
            ],
            "scriptLines": [
                "source(output(",
                "          country as string,",
                "          indicator as string,",
                "          date as string,",
                "          year_week as string,",
                "          value as string,",
                "          source as string,",
                "          url as string",
                "     ),",
                "     allowSchemaDrift: true,",
                "     validateSchema: false,",
                "     ignoreNoFilesFound: false) ~> HospitalAdmissionsSource",
                "source(output(",
                "          country as string,",
                "          country_code_2_digit as string,",
                "          country_code_3_digit as string,",
                "          continent as string,",
                "          population as string",
                "     ),",
                "     allowSchemaDrift: true,",
                "     validateSchema: false,",
                "     ignoreNoFilesFound: false) ~> LookupCountryDimension",
                "source(output(",
                "          date_key as string,",
                "          date as string,",
                "          year as string,",
                "          month as string,",
                "          day as string,",
                "          day_name as string,",
                "          day_of_year as string,",
                "          week_of_month as string,",
                "          week_of_year as string,",
                "          month_name as string,",
                "          year_month as string,",
                "          year_week as string",
                "     ),",
                "     allowSchemaDrift: true,",
                "     validateSchema: false,",
                "     ignoreNoFilesFound: false) ~> LookupDateDimension",
                "HospitalAdmissionsSource select(mapColumn(",
                "          country,",
                "          indicator,",
                "          reported_date = date,",
                "          reported_year_week = year_week,",
                "          value,",
                "          source",
                "     ),",
                "     skipDuplicateMapInputs: true,",
                "     skipDuplicateMapOutputs: true) ~> selectNecessaryFields",
                "selectNecessaryFields, LookupCountryDimension lookup(selectNecessaryFields@country == LookupCountryDimension@country,",
                "     multiple: false,",
                "     pickup: 'any',",
                "     broadcast: 'auto')~> lookupCountryFileData",
                "lookupCountryFileData select(mapColumn(",
                "          country = selectNecessaryFields@country,",
                "          country_code_2_digit,",
                "          country_code_3_digit,",
                "          population,",
                "          indicator,",
                "          reported_date,",
                "          reported_year_week,",
                "          value,",
                "          source",
                "     ),",
                "     skipDuplicateMapInputs: true,",
                "     skipDuplicateMapOutputs: true) ~> selectRequiredFields",
                "selectRequiredFields split(indicator == 'Daily hospital occupancy' && indicator == 'Daily ICU occupancy',",
                "     disjoint: false) ~> SplitDailyandWeeklyData@(Daily, Weekly)",
                "LookupDateDimension aggregate(groupBy(ecdc_year_week = year+'-W'+lpad(week_of_year,2,'0')),",
                "     week_start_date = min(date),",
                "          week_end_date = max(date)) ~> aggregateToAddStartEndDate",
                "SplitDailyandWeeklyData@Weekly, aggregateToAddStartEndDate join(reported_year_week == ecdc_year_week,",
                "     joinType:'inner',",
                "     matchType:'exact',",
                "     ignoreSpaces: false,",
                "     broadcast: 'auto')~> joinWeeklyDimDateAggregate",
                "SplitDailyandWeeklyData@Daily pivot(groupBy(country,",
                "          country_code_2_digit,",
                "          country_code_3_digit,",
                "          population,",
                "          reported_date,",
                "          reported_year_week,",
                "          source),",
                "     pivotBy(indicator, ['Daily hospital occupancy', 'Daily ICU occupancy']),",
                "     count = sum(toInteger(value)),",
                "     columnNaming: '$V_$N',",
                "     lateral: true) ~> pivotOnIndicator",
                "joinWeeklyDimDateAggregate pivot(groupBy(country,",
                "          country_code_2_digit,",
                "          country_code_3_digit,",
                "          population,",
                "          reported_date,",
                "          reported_year_week,",
                "          source,",
                "          week_start_date,",
                "          week_end_date),",
                "     pivotBy(indicator, ['Weekly new ICU admissions per 100k', 'Weekly new hospital admissions per 100k']),",
                "     count = sum(toInteger(value)),",
                "     columnNaming: '$V_$N',",
                "     lateral: true) ~> pivotOnIndicatorWeekly",
                "pivotOnIndicatorWeekly sort(desc(reported_year_week, true),",
                "     asc(country, true),",
                "     partitionBy('hash', 1)) ~> sortOnWeekCountry",
                "pivotOnIndicator sort(desc(reported_date, true),",
                "     asc(country, true),",
                "     partitionBy('hash', 1)) ~> sortOnDateCountry",
                "sortOnDateCountry select(mapColumn(",
                "          country,",
                "          country_code_2_digit,",
                "          country_code_3_digit,",
                "          population,",
                "          reported_date,",
                "          hospital_occupancy_count = {Daily hospital occupancy_count},",
                "          icu_occupancy_count = {Daily ICU occupancy_count},",
                "          source",
                "     ),",
                "     skipDuplicateMapInputs: true,",
                "     skipDuplicateMapOutputs: true) ~> selectColumns",
                "sortOnWeekCountry select(mapColumn(",
                "          country,",
                "          country_code_2_digit,",
                "          country_code_3_digit,",
                "          population,",
                "          reported_year_week,",
                "          reported_week_start_date = week_start_date,",
                "          reported_week_end_date = week_end_date,",
                "          new_hospital_occupancy_count = {Weekly new hospital admissions per 100k_count},",
                "          new_icu_occupancy_count = {Weekly new ICU admissions per 100k_count},",
                "          source",
                "     ),",
                "     skipDuplicateMapInputs: true,",
                "     skipDuplicateMapOutputs: true) ~> selectWeeklyColumns",
                "selectColumns sink(allowSchemaDrift: true,",
                "     validateSchema: false,",
                "     partitionFileNames:['Hospital_Admissions_Daily.csv'],",
                "     truncate: true,",
                "     umask: 0022,",
                "     preCommands: [],",
                "     postCommands: [],",
                "     skipDuplicateMapInputs: true,",
                "     skipDuplicateMapOutputs: true,",
                "     partitionBy('hash', 1)) ~> sinkHospitalAdmissionsDaily",
                "selectWeeklyColumns sink(allowSchemaDrift: true,",
                "     validateSchema: false,",
                "     partitionFileNames:['Hospital_Admissions_Weekly.csv'],",
                "     truncate: true,",
                "     umask: 0022,",
                "     preCommands: [],",
                "     postCommands: [],",
                "     skipDuplicateMapInputs: true,",
                "     skipDuplicateMapOutputs: true,",
                "     partitionBy('hash', 1)) ~> sinkHospitalAdmissionsWeekly"
            ]
        }
    }
}