{
    "name": "df_Cases_And_Deaths",
    "properties": {
        "type": "MappingDataFlow",
        "typeProperties": {
            "sources": [
                {
                    "dataset": {
                        "referenceName": "CasesAndDeathsSource",
                        "type": "DatasetReference"
                    },
                    "name": "CasesAndDeathsSource"
                },
                {
                    "dataset": {
                        "referenceName": "DL_LookupFile",
                        "type": "DatasetReference"
                    },
                    "name": "LookupSource"
                }
            ],
            "sinks": [
                {
                    "dataset": {
                        "referenceName": "ds_processed_cases_deaths",
                        "type": "DatasetReference"
                    },
                    "name": "CasesAndDeathsSink"
                }
            ],
            "transformations": [
                {
                    "name": "filterOnContinent"
                },
                {
                    "name": "selectColumns"
                },
                {
                    "name": "pivotIndicatorDailycount"
                },
                {
                    "name": "lookupForCountryCode"
                },
                {
                    "name": "selectNecessaryColumns"
                }
            ],
            "scriptLines": [
                "source(output(",
                "          country as string,",
                "          country_code as string,",
                "          continent as string,",
                "          population as string,",
                "          indicator as string,",
                "          daily_count as string,",
                "          date as string,",
                "          rate_14_day as string,",
                "          source as string",
                "     ),",
                "     allowSchemaDrift: true,",
                "     validateSchema: false,",
                "     ignoreNoFilesFound: false) ~> CasesAndDeathsSource",
                "source(output(",
                "          country as string,",
                "          country_code_2_digit as string,",
                "          country_code_3_digit as string,",
                "          continent as string,",
                "          population as string",
                "     ),",
                "     allowSchemaDrift: true,",
                "     validateSchema: false,",
                "     ignoreNoFilesFound: false) ~> LookupSource",
                "CasesAndDeathsSource filter(continent == 'Europe' && not(isNull(country_code))) ~> filterOnContinent",
                "filterOnContinent select(mapColumn(",
                "          country,",
                "          country_code,",
                "          population,",
                "          indicator,",
                "          daily_count,",
                "          source,",
                "          each(match(name=='date'),",
                "               'reported_'+$$ = $$)",
                "     ),",
                "     skipDuplicateMapInputs: false,",
                "     skipDuplicateMapOutputs: false) ~> selectColumns",
                "selectColumns pivot(groupBy(country,",
                "          country_code,",
                "          population,",
                "          source,",
                "          reported_date),",
                "     pivotBy(indicator, ['confirmed cases', 'deaths']),",
                "     count = sum(toInteger(daily_count)),",
                "     columnNaming: '$V_$N',",
                "     lateral: true) ~> pivotIndicatorDailycount",
                "pivotIndicatorDailycount, LookupSource lookup(pivotIndicatorDailycount@country == LookupSource@country,",
                "     multiple: false,",
                "     pickup: 'any',",
                "     broadcast: 'auto')~> lookupForCountryCode",
                "lookupForCountryCode select(mapColumn(",
                "          country = pivotIndicatorDailycount@country,",
                "          country_code_2_digit,",
                "          country_code_3_digit,",
                "          population = pivotIndicatorDailycount@population,",
                "          cases_count = {confirmed cases_count},",
                "          deaths_count,",
                "          reported_date,",
                "          source",
                "     ),",
                "     skipDuplicateMapInputs: true,",
                "     skipDuplicateMapOutputs: true) ~> selectNecessaryColumns",
                "selectNecessaryColumns sink(allowSchemaDrift: true,",
                "     validateSchema: false,",
                "     partitionFileNames:['CasesAndDeaths.csv'],",
                "     truncate: true,",
                "     umask: 0022,",
                "     preCommands: [],",
                "     postCommands: [],",
                "     skipDuplicateMapInputs: true,",
                "     skipDuplicateMapOutputs: true,",
                "     partitionBy('hash', 1)) ~> CasesAndDeathsSink"
            ]
        }
    }
}